group,device,sessions,pdp_sessions,atc_sessions,checkout_sessions,purchase_sessions,pdp_rate,atc_rate,checkout_rate,purchase_rate,session_to_purchase
overall,all,145609,79306,9027,6007,2431,0.5446503993571826,0.11382493127884397,0.6654481001440125,0.40469452305643416,0.016695396575761114
by_device,"('desktop',)",40926,23960,2756,2001,861,0.5854469041684992,0.11502504173622705,0.7260522496371553,0.4302848575712144,0.021037970971998242
by_device,"('mobile',)",104683,55346,6271,4006,1570,0.5287009352043789,0.11330538792324649,0.6388135863498644,0.39191213180229656,0.014997659600890306
