group,device,sessions,pdp_sessions,atc_sessions,checkout_sessions,purchase_sessions,pdp_rate,atc_rate,checkout_rate,purchase_rate,session_to_purchase
overall,all,145609,79296,9031,6011,2440,0.5445817222836501,0.11388972962066182,0.665596279481785,0.4059224754616536,0.0167572059419404
by_device,"('desktop',)",40927,23952,2756,2009,863,0.5852371295232975,0.11506346025384101,0.728955007256894,0.4295669487307118,0.021086324431304516
by_device,"('mobile',)",104682,55344,6275,4002,1577,0.5286868802659483,0.11338175773344897,0.6377689243027889,0.39405297351324337,0.015064672054412412
